chem_name,prod_name
Phenoxyethanol,100 percent Pure Argan Oil
Phenoxyethanol,100 percent Pure Argan Oil Light 
Glycerin,3 Little Wonders™
Lactic Acid,3 Little Wonders™
Phenoxyethanol,3 Little Wonders™
Propylene Glycol,3 Little Wonders™
Phenoxyethanol,5 in 1 Face Cream SPF 30
Butylene Glycol,7 Day Scrub Cream Rinse-Off Formula
Caprylyl Glycol,7 Day Scrub Cream Rinse-Off Formula
Cetearyl Alcohol,7 Day Scrub Cream Rinse-Off Formula
Phenoxyethanol,7 Day Scrub Cream Rinse-Off Formula
Triethanolamine,7 Day Scrub Cream Rinse-Off Formula
Phenoxyethanol,A-Passioni™ Retinol Cream
Phenoxyethanol,A Perfect World™ SPF 40 Age-Defense Moisturizer with White Tea
Castor Oil,Abeille Royale Youth Watery Anti-Aging Oil
Glycerin,Abeille Royale Youth Watery Anti-Aging Oil
Phenoxyethanol,Abeille Royale Youth Watery Anti-Aging Oil
Butylene Glycol,Acne Solutions™ Clarifying Lotion
Caffeine,Acne Solutions™ Clarifying Lotion
Glycerin,Acne Solutions™ Clarifying Lotion
Caffeine,Acne Solutions™ Cleansing Bar For Face and Body
Glycerin,Acne Solutions™ Cleansing Bar For Face and Body
Butylene Glycol,Acne Solutions™ Cleansing Foam
Caffeine,Acne Solutions™ Cleansing Foam
Dimethicone,Acne Solutions™ Cleansing Foam
Glycerin,Acne Solutions™ Cleansing Foam
Phenoxyethanol,Acne Solutions™ Cleansing Foam
Sodium Hyaluronate,Acne Solutions™ Cleansing Foam
Butylene Glycol,Acne Solutions™ Clinical Clearing Gel
Butylene Glycol,Acne Solutions Clinical Clearing Kit
Caffeine,Acne Solutions Clinical Clearing Kit
Caprylyl Glycol,Acne Solutions Clinical Clearing Kit
Dimethicone,Acne Solutions Clinical Clearing Kit
Glycerin,Acne Solutions Clinical Clearing Kit
Phenoxyethanol,Acne Solutions Clinical Clearing Kit
Propylene Glycol,Acne Solutions Clinical Clearing Kit
Sodium Hyaluronate,Acne Solutions Clinical Clearing Kit
Allantoin,Active Moist Moisturizer
Butylene Glycol,Active Moist Moisturizer
Caprylyl Glycol,Active Moist Moisturizer
Cetearyl Alcohol,Active Moist Moisturizer
Dimethicone,Active Moist Moisturizer
Propanediol,Active Moist Moisturizer
Ascorbyl Glucoside,Advanced Génifique Anti-Aging Face Serum
Caprylyl Glycol,Advanced Génifique Anti-Aging Face Serum
Castor Oil,Advanced Génifique Anti-Aging Face Serum
Dimethicone,Advanced Génifique Anti-Aging Face Serum
Phenoxyethanol,Advanced Génifique Anti-Aging Face Serum
Phytosphingosine,Advanced Génifique Anti-Aging Face Serum
Sodium Hyaluronate,Advanced Génifique Anti-Aging Face Serum
Cetearyl Alcohol,Age Arrest Anti-Wrinkle Cream
Dimethicone,Age Arrest Anti-Wrinkle Cream
Glycerin,Age Arrest Anti-Wrinkle Cream
Hyaluronic Acid,Age Arrest Anti-Wrinkle Cream
Panthenol,Age Arrest Anti-Wrinkle Cream
Phenoxyethanol,Age Arrest Anti-Wrinkle Cream
Propanediol,Age Arrest Anti-Wrinkle Cream
Caprylyl Glycol,AHA 30% + BHA 2% Peeling Solution
Glycerin,AHA 30% + BHA 2% Peeling Solution
Lactic Acid,AHA 30% + BHA 2% Peeling Solution
Panthenol,AHA 30% + BHA 2% Peeling Solution
Propanediol,AHA 30% + BHA 2% Peeling Solution
Sodium Hyaluronate,AHA 30% + BHA 2% Peeling Solution
Butylene Glycol,AHA/BHA Exfoliating Cleanser
Lactic Acid,AHA/BHA Exfoliating Cleanser
Methylparaben,AHA/BHA Exfoliating Cleanser
Phenoxyethanol,AHA/BHA Exfoliating Cleanser
Sodium Ascorbyl Phosphate,AHA/BHA Exfoliating Cleanser
Butylene Glycol,All About Eyes
Caffeine,All About Eyes
Cyclopentasiloxane,All About Eyes
Dimethicone,All About Eyes
Glycerin,All About Eyes
Magnesium,All About Eyes
Phenoxyethanol,All About Eyes
Phytosphingosine,All About Eyes
Palmitate,All About Eyes
Caffeine,All About Eyes™ Rich Eye Cream
Caprylyl Glycol,All About Eyes™ Rich Eye Cream
Dimethicone,All About Eyes™ Rich Eye Cream
Magnesium,All About Eyes™ Rich Eye Cream
Phenoxyethanol,All About Eyes™ Rich Eye Cream
Phytosphingosine,All About Eyes™ Rich Eye Cream
Sodium Hyaluronate,All About Eyes™ Rich Eye Cream
Phenoxyethanol,All Day Hydrator - Hydrate & Glow
Glycerin,Alpha Beta® Extra Strength Daily Peel
Phenoxyethanol,Alpha Beta® Extra Strength Daily Peel
Resveratrol,Alpha Beta® Extra Strength Daily Peel
Retinol,Alpha Beta® Extra Strength Daily Peel
Vitamin C,Alpha Beta® Extra Strength Daily Peel
Butylene Glycol,Alpha Beta® Ultra Gentle Daily Peel for Sensitive Skin
Colloidal Oatmeal,Alpha Beta® Ultra Gentle Daily Peel for Sensitive Skin
Glycerin,Alpha Beta® Ultra Gentle Daily Peel for Sensitive Skin
Phenoxyethanol,Alpha Beta® Ultra Gentle Daily Peel for Sensitive Skin
Resveratrol,Alpha Beta® Ultra Gentle Daily Peel for Sensitive Skin
Sodium Hyaluronate,Alpha Beta® Ultra Gentle Daily Peel for Sensitive Skin
Glycerin,Alpha Beta® Universal Daily Peel
Phenoxyethanol,Alpha Beta® Universal Daily Peel
Resveratrol,Alpha Beta® Universal Daily Peel
Retinol,Alpha Beta® Universal Daily Peel
Vitamin C,Alpha Beta® Universal Daily Peel
Mineral Oil,Avocado Melt Retinol Eye Sleeping Mask
Phenoxyethanol,Avocado Melt Retinol Sleeping Face Mask
Phenoxyethanol,B-Hydra™ Intensive Hydration Serum
Allantoin,Balance It All™ Essentials Set
Butylene Glycol,Balance It All™ Essentials Set
Caprylyl Glycol,Balance It All™ Essentials Set
Dimethicone,Balance It All™ Essentials Set
Glycerin,Balance It All™ Essentials Set
Lactic Acid,Balance It All™ Essentials Set
Phenoxyethanol,Balance It All™ Essentials Set
Sodium Hyaluronate,Balance It All™ Essentials Set
Lactic Acid,Balancing Force™ Oil Control Toner
Phenoxyethanol,Balancing Force™ Oil Control Toner
Phenoxyethanol,Beauty Elixir
Butylene Glycol,Benefiance Wrinkle Smoothing Cream Enriched
Caffeine,Benefiance Wrinkle Smoothing Cream Enriched
Dimethicone,Benefiance Wrinkle Smoothing Cream Enriched
Phenoxyethanol,Benefiance Wrinkle Smoothing Cream Enriched
Butylene Glycol,Benefiance Wrinkle Smoothing Day Cream SPF 23
Caffeine,Benefiance Wrinkle Smoothing Day Cream SPF 23
Dimethicone,Benefiance Wrinkle Smoothing Day Cream SPF 23
Glycerin,Benefiance Wrinkle Smoothing Day Cream SPF 23
Phenoxyethanol,Benefiance Wrinkle Smoothing Day Cream SPF 23
Butylene Glycol,Benefiance Wrinkle Smoothing Eye Cream
Caffeine,Benefiance Wrinkle Smoothing Eye Cream
Glycerin,Benefiance Wrinkle Smoothing Eye Cream
Methylparaben,Benefiance Wrinkle Smoothing Eye Cream
Mineral Oil,Benefiance Wrinkle Smoothing Eye Cream
Phenoxyethanol,Beste™ No. 9 Jelly Cleanser
Phenoxyethanol,Beta Hydroxy Acid (BHA) Blemish + Blackhead Serum
Ascorbyl Glucoside,Bienfait Multi-Vital Moisturizing Night Cream
Benzyl Alcohol,Bienfait Multi-Vital Moisturizing Night Cream
Butylene Glycol,Bienfait Multi-Vital Moisturizing Night Cream
Caprylyl Glycol,Bienfait Multi-Vital Moisturizing Night Cream
Dimethicone,Bienfait Multi-Vital Moisturizing Night Cream
Glycerin,Bienfait Multi-Vital Moisturizing Night Cream
Magnesium,Bienfait Multi-Vital Moisturizing Night Cream
Mineral Oil,Bienfait Multi-Vital Moisturizing Night Cream
Panthenol,Bienfait Multi-Vital Moisturizing Night Cream
Phenoxyethanol,Bienfait Multi-Vital Moisturizing Night Cream
Palmitate,Bienfait Multi-Vital Moisturizing Night Cream
Ascorbyl Glucoside,Bienfait Multi-Vital SPF 30 Day Cream Moisturizer
Benzyl Alcohol,Bienfait Multi-Vital SPF 30 Day Cream Moisturizer
Caprylyl Glycol,Bienfait Multi-Vital SPF 30 Day Cream Moisturizer
Methylparaben,Bienfait Multi-Vital SPF 30 Day Cream Moisturizer
Panthenol,Bienfait Multi-Vital SPF 30 Day Cream Moisturizer
Phenoxyethanol,Bienfait Multi-Vital SPF 30 Day Cream Moisturizer
Triethanolamine,Bienfait Multi-Vital SPF 30 Day Cream Moisturizer
Butylene Glycol,Bio-Performance Advanced Super Revitalizing Cream
Castor Oil,Bio-Performance Advanced Super Revitalizing Cream
Dimethicone,Bio-Performance Advanced Super Revitalizing Cream
Glycerin,Bio-Performance Advanced Super Revitalizing Cream
Methylparaben,Bio-Performance Advanced Super Revitalizing Cream
Phenoxyethanol,Squalane + 10% Lactic Acid Resurfacing Night Serum
Phenoxyethanol,Black Tea Firming and De-Puffing Eye Cream
Biotin,Black Tea Corset Cream Firming Moisturizer
Butylene Glycol,Black Tea Corset Cream Firming Moisturizer
Dimethicone,Black Tea Corset Cream Firming Moisturizer
Glycerin,Black Tea Corset Cream Firming Moisturizer
Phenoxyethanol,Black Tea Corset Cream Firming Moisturizer
Sodium Hyaluronate,Black Tea Corset Cream Firming Moisturizer
Phenoxyethanol,Black Tea Firming Overnight Mask
Phenoxyethanol,Black Tea Instant Perfecting Mask
Phenoxyethanol,Kombucha Antioxidant Facial Treatment Essence
Phenoxyethanol,Blue Tansy BHA and Enzyme Pore Refining Mask 
Butylene Glycol,Bye Bye Breakout™ Full-Coverage Concealer
Caprylyl Glycol,Bye Bye Breakout™ Full-Coverage Concealer
Collagen,Bye Bye Breakout™ Full-Coverage Concealer
Colloidal Oatmeal,Bye Bye Breakout™ Full-Coverage Concealer
Cyclopentasiloxane,Bye Bye Breakout™ Full-Coverage Concealer
Dimethicone,Bye Bye Breakout™ Full-Coverage Concealer
Glycerin,Bye Bye Breakout™ Full-Coverage Concealer
Magnesium,Bye Bye Breakout™ Full-Coverage Concealer
Phenoxyethanol,Bye Bye Breakout™ Full-Coverage Concealer
Propanediol,Bye Bye Breakout™ Full-Coverage Concealer
Palmitate,Bye Bye Breakout™ Full-Coverage Concealer
Sodium Hyaluronate,Bye Bye Breakout™ Full-Coverage Concealer
Sulfur,Bye Bye Breakout™ Full-Coverage Concealer
Amino Acids,C+ Collagen Brighten & Firm Vitamin C Serum
Benzyl Alcohol,C+ Collagen Brighten & Firm Vitamin C Serum
Butylene Glycol,C+ Collagen Brighten & Firm Vitamin C Serum
Collagen,C+ Collagen Brighten & Firm Vitamin C Serum
Mandelic Acid,C+ Collagen Brighten & Firm Vitamin C Serum
Phenoxyethanol,C+ Collagen Brighten & Firm Vitamin C Serum
Vitamin C,C+ Collagen Brighten & Firm Vitamin C Serum
Benzyl Alcohol,C.E.O Vitamin C Rich Hydration Cream
Sodium Hyaluronate,C.E.O Vitamin C Rich Hydration Cream
Phenoxyethanol,C-Firma™ Vitamin C Day Serum
Phenoxyethanol,C-Tango™ Vitamin C Eye Cream
Phenoxyethanol,Caffeine Eye Cream
Ascorbyl Glucoside,Dreamskin Skin Perfector
Butylene Glycol,Dreamskin Skin Perfector
Cyclopentasiloxane,Dreamskin Skin Perfector
Dimethicone,Dreamskin Skin Perfector
Glycerin,Dreamskin Skin Perfector
Magnesium,Dreamskin Skin Perfector
Phenoxyethanol,Dreamskin Skin Perfector
Phenoxyethanol,Vinoperfect Brightening Moisturizer with Niacinamide
Butylene Glycol,Cicapair™ Tiger Grass Camo Drops SPF 44
Caprylyl Glycol,Cicapair™ Tiger Grass Camo Drops SPF 44
Cyclopentasiloxane,Cicapair™ Tiger Grass Camo Drops SPF 44
Dimethicone,Cicapair™ Tiger Grass Camo Drops SPF 44
Glycerin,Cicapair™ Tiger Grass Camo Drops SPF 44
Magnesium,Cicapair™ Tiger Grass Camo Drops SPF 44
Panthenol,Cicapair™ Tiger Grass Camo Drops SPF 44
Phenoxyethanol,Cicapair™ Tiger Grass Camo Drops SPF 44
Sodium Ascorbyl Phosphate,Cicapair™ Tiger Grass Camo Drops SPF 44
Butylene Glycol,City Block Purifying Charcoal Clay Mask + Scrub
Caprylyl Glycol,City Block Purifying Charcoal Clay Mask + Scrub
Charcoal,City Block Purifying Charcoal Clay Mask + Scrub
Magnesium,City Block Purifying Charcoal Clay Mask + Scrub
Phenoxyethanol,City Block Purifying Charcoal Clay Mask + Scrub
Butylene Glycol,Clarifying Cleanser
Castor Oil,Clarifying Cleanser
Butylene Glycol,Clarifying Lotion 2
Glycerin,Clarifying Lotion 2
Sodium Hyaluronate,Clarifying Lotion 2
Butylene Glycol,Clarifying Lotion 3
Glycerin,Clarifying Lotion 3
Phenoxyethanol,Clarifying Lotion 3
Sodium Hyaluronate,Clarifying Lotion 3
Phenoxyethanol,Clear Improvement® Active Charcoal Mask to Clear Pores
Butylene Glycol,Clearly Corrective™ Dark Spot Solution
Glycerin,Clearly Corrective™ Dark Spot Solution
Lavender Oil,Clearly Corrective™ Dark Spot Solution
Phenoxyethanol,Clearly Corrective™ Dark Spot Solution
Vitamin C,Clearly Corrective™ Dark Spot Solution
Caffeine,Clinique Smart™ Custom-Repair Serum
Caprylyl Glycol,Clinique Smart™ Custom-Repair Serum
Glycerin,Clinique Smart™ Custom-Repair Serum
Phenoxyethanol,Clinique Smart™ Custom-Repair Serum
Propylene Glycol,Clinique Smart™ Custom-Repair Serum
Sodium Hyaluronate,Clinique Smart™ Custom-Repair Serum
Phenoxyethanol,Coconut Crush Scrub
Phenoxyethanol,Coconut Lip Glossy
Phenoxyethanol,Hello FAB Coconut Water Cream
Phenoxyethanol,Collagen Booster Firming Peptide Serum
Biotin,Complete Eye Renewal Balm
Butylene Glycol,Complete Eye Renewal Balm
Caffeine,Complete Eye Renewal Balm
Caprylyl Glycol,Complete Eye Renewal Balm
Cetearyl Alcohol,Complete Eye Renewal Balm
Dimethicone,Complete Eye Renewal Balm
Glycerin,Complete Eye Renewal Balm
Magnesium,Complete Eye Renewal Balm
Phenoxyethanol,Complete Eye Renewal Balm
Allantoin,Counter Balance™ Oil Control Hydrator
Butylene Glycol,Counter Balance™ Oil Control Hydrator
Caprylyl Glycol,Counter Balance™ Oil Control Hydrator
Dimethicone,Counter Balance™ Oil Control Hydrator
Glycerin,Counter Balance™ Oil Control Hydrator
Lactic Acid,Counter Balance™ Oil Control Hydrator
Phenoxyethanol,Counter Balance™ Oil Control Hydrator
Sodium Hyaluronate,Counter Balance™ Oil Control Hydrator
Phenoxyethanol,Crème Ancienne®
Phenoxyethanol,D-Bronzi Anti-Pollution Bronzing Drops
Allantoin,Daily Microfoliant Exfoliator
Colloidal Oatmeal,Daily Microfoliant Exfoliator
Magnesium,Daily Microfoliant Exfoliator
Arbutin,Microneedling Dark Spot Brightening Dots
Caprylyl Glycol,Microneedling Dark Spot Brightening Dots
Glycerin,Microneedling Dark Spot Brightening Dots
Propanediol,Microneedling Dark Spot Brightening Dots
Sodium Hyaluronate,Microneedling Dark Spot Brightening Dots
Tranexamic Acid,Microneedling Dark Spot Brightening Dots
Phenoxyethanol,Deep Cleansing Exfoliator
Allantoin,Deep Dive™ Glycolic Facial Cleanser
Aloe Vera,Deep Dive™ Glycolic Facial Cleanser
Caprylyl Glycol,Deep Dive™ Glycolic Facial Cleanser
Glycerin,Deep Dive™ Glycolic Facial Cleanser
Magnesium,Deep Dive™ Glycolic Facial Cleanser
Panthenol,Deep Dive™ Glycolic Facial Cleanser
Phenoxyethanol,Deep Dive™ Glycolic Facial Cleanser
Volcanic Ash,Deep Dive™ Glycolic Facial Cleanser
Allantoin,Dermask Intra Jet Wrinkless Solution™
Butylene Glycol,Dermask Intra Jet Wrinkless Solution™
Castor Oil,Dermask Intra Jet Wrinkless Solution™
Glycerin,Dermask Intra Jet Wrinkless Solution™
Propylene Glycol,Dermask Intra Jet Wrinkless Solution™
Allantoin,Dermask Micro Jet Clearing Solution™
Butylene Glycol,Dermask Micro Jet Clearing Solution™
Castor Oil,Dermask Micro Jet Clearing Solution™
Glycerin,Dermask Micro Jet Clearing Solution™
Phenoxyethanol,Dermask Micro Jet Clearing Solution™
Sodium Ascorbyl Phosphate,Dermask Micro Jet Clearing Solution™
Sodium Hyaluronate,Dermask Micro Jet Clearing Solution™
Triethanolamine,Dermask Micro Jet Clearing Solution™
Butylene Glycol,Dermask Water Jet Vital Hydra Solution™
Caprylyl Glycol,Dermask Water Jet Vital Hydra Solution™
Castor Oil,Dermask Water Jet Vital Hydra Solution™
Cyclopentasiloxane,Dermask Water Jet Vital Hydra Solution™
Dimethicone,Dermask Water Jet Vital Hydra Solution™
Glycerin,Dermask Water Jet Vital Hydra Solution™
Hyaluronic Acid,Dermask Water Jet Vital Hydra Solution™
Panthenol,Dermask Water Jet Vital Hydra Solution™
Phenoxyethanol,Detoxifying Black Charcoal Cleanser
Phenoxyethanol,Face Cream
Phenoxyethanol,Face Cream Rich
Phenoxyethanol,Hyaluronic Serum
Phenoxyethanol,Super Anti-Aging Serum
Butylene Glycol,Dramatically Different Moisturizing Gel
Caffeine,Dramatically Different Moisturizing Gel
Caprylyl Glycol,Dramatically Different Moisturizing Gel
Dimethicone,Dramatically Different Moisturizing Gel
Glycerin,Dramatically Different Moisturizing Gel
Phenoxyethanol,Dramatically Different Moisturizing Gel
Propylene Glycol,Dramatically Different Moisturizing Gel
Sodium Hyaluronate,Dramatically Different Moisturizing Gel
Butylene Glycol,Dramatically Different Moisturizing Lotion+
Glycerin,Dramatically Different Moisturizing Lotion+
Lanolin,Dramatically Different Moisturizing Lotion+
Mineral Oil,Dramatically Different Moisturizing Lotion+
Phenoxyethanol,Dramatically Different Moisturizing Lotion+
Propylene Glycol,Dramatically Different Moisturizing Lotion+
Sodium Hyaluronate,Dramatically Different Moisturizing Lotion+
Triethanolamine,Dramatically Different Moisturizing Lotion+
Phenoxyethanol,Been A Long Day™ Glycolic Serum + Moisturizer Duo
Phenoxyethanol,Lala Retro™ Whipped Moisturizer with Ceramides
Phenoxyethanol,Time to Wake Up™  Vitamin C + Hydration Serum Duo
Butylene Glycol,Dynamic Skin Recovery SPF50 Moisturizer
Cetearyl Alcohol,Dynamic Skin Recovery SPF50 Moisturizer
Cyclopentasiloxane,Dynamic Skin Recovery SPF50 Moisturizer
Dimethicone,Dynamic Skin Recovery SPF50 Moisturizer
Glycerin,Dynamic Skin Recovery SPF50 Moisturizer
Lysine,Dynamic Skin Recovery SPF50 Moisturizer
Phenoxyethanol,Dynamic Skin Recovery SPF50 Moisturizer
Sodium Hyaluronate,Dynamic Skin Recovery SPF50 Moisturizer
Magnesium,EradiKate™ Acne Treatment
Sulfur,EradiKate™ Acne Treatment
Butylene Glycol,EradiKate® Daily Cleanser Acne Treatment
Caprylyl Glycol,EradiKate® Daily Cleanser Acne Treatment
Glycerin,EradiKate® Daily Cleanser Acne Treatment
Phenoxyethanol,EradiKate® Daily Cleanser Acne Treatment
Castor Oil,Eudermine Revitalizing Essence 
Glycerin,Eudermine Revitalizing Essence 
Magnesium,Eudermine Revitalizing Essence 
Methylparaben,Eudermine Revitalizing Essence 
Phenoxyethanol,Eudermine Revitalizing Essence 
Sodium Hyaluronate,Eudermine Revitalizing Essence 
Phenoxyethanol,Exfoliating Peel Gel
Benzyl Alcohol,ExfoliKate® Cleanser Daily Foaming Wash
Dimethicone,ExfoliKate® Cleanser Daily Foaming Wash
Glycerin,ExfoliKate® Cleanser Daily Foaming Wash
Lactic Acid,ExfoliKate® Cleanser Daily Foaming Wash
Palmitate,ExfoliKate® Intensive Pore Exfoliating Treatment
Caprylyl Glycol,High Potency Classics: Face Finishing & Firming Moisturizer
Cetearyl Alcohol,High Potency Classics: Face Finishing & Firming Moisturizer
Dimethicone,High Potency Classics: Face Finishing & Firming Moisturizer
Glycerin,High Potency Classics: Face Finishing & Firming Moisturizer
Phenoxyethanol,High Potency Classics: Face Finishing & Firming Moisturizer
Palmitate,High Potency Classics: Face Finishing & Firming Moisturizer
Vitamin C,High Potency Classics: Face Finishing & Firming Moisturizer
Glycerin,Facial Radiance Pads
Hyaluronic Acid,Facial Radiance Pads
Lactic Acid,Facial Radiance Pads
Phenoxyethanol,Facial Radiance Pads
Arbutin,Ferulic Acid + Retinol Brightening Solution
Ferulic Acid,Ferulic Acid + Retinol Brightening Solution
Glycerin,Ferulic Acid + Retinol Brightening Solution
Mandelic Acid,Ferulic Acid + Retinol Brightening Solution
Panthenol,Ferulic Acid + Retinol Brightening Solution
Phenoxyethanol,Ferulic Acid + Retinol Brightening Solution
Propylene Glycol,Ferulic Acid + Retinol Brightening Solution
Retinol,Ferulic Acid + Retinol Brightening Solution
Sodium Hyaluronate,Ferulic Acid + Retinol Brightening Solution
Amino Acids,Ferulic + Retinol Anti-Aging Moisturizer
Butylene Glycol,Ferulic + Retinol Anti-Aging Moisturizer
Caprylyl Glycol,Ferulic + Retinol Anti-Aging Moisturizer
Cetearyl Alcohol,Ferulic + Retinol Anti-Aging Moisturizer
Collagen,Ferulic + Retinol Anti-Aging Moisturizer
Dimethicone,Ferulic + Retinol Anti-Aging Moisturizer
Ferulic Acid,Ferulic + Retinol Anti-Aging Moisturizer
Glycerin,Ferulic + Retinol Anti-Aging Moisturizer
Lactic Acid,Ferulic + Retinol Anti-Aging Moisturizer
Phenoxyethanol,Ferulic + Retinol Anti-Aging Moisturizer
Retinol,Ferulic + Retinol Anti-Aging Moisturizer
Palmitate,Ferulic + Retinol Anti-Aging Moisturizer
Sodium Hyaluronate,Ferulic + Retinol Anti-Aging Moisturizer
Amino Acids,Ferulic + Retinol Eye Cream
Butylene Glycol,Ferulic + Retinol Eye Cream
Caffeine,Ferulic + Retinol Eye Cream
Caprylyl Glycol,Ferulic + Retinol Eye Cream
Cetearyl Alcohol,Ferulic + Retinol Eye Cream
Collagen,Ferulic + Retinol Eye Cream
Dimethicone,Ferulic + Retinol Eye Cream
Ferulic Acid,Ferulic + Retinol Eye Cream
Glycerin,Ferulic + Retinol Eye Cream
Lactic Acid,Ferulic + Retinol Eye Cream
Phenoxyethanol,Ferulic + Retinol Eye Cream
Propanediol,Ferulic + Retinol Eye Cream
Retinol,Ferulic + Retinol Eye Cream
Palmitate,Ferulic + Retinol Eye Cream
Sodium Hyaluronate,Ferulic + Retinol Eye Cream
Arbutin,Ferulic + Retinol Triple Correction Eye Serum
Butylene Glycol,Ferulic + Retinol Triple Correction Eye Serum
Caffeine,Ferulic + Retinol Triple Correction Eye Serum
Ferulic Acid,Ferulic + Retinol Triple Correction Eye Serum
Glycerin,Ferulic + Retinol Triple Correction Eye Serum
Mandelic Acid,Ferulic + Retinol Triple Correction Eye Serum
Panthenol,Ferulic + Retinol Triple Correction Eye Serum
Phenoxyethanol,Ferulic + Retinol Triple Correction Eye Serum
Propylene Glycol,Ferulic + Retinol Triple Correction Eye Serum
Retinol,Ferulic + Retinol Triple Correction Eye Serum
Sodium Hyaluronate,Ferulic + Retinol Triple Correction Eye Serum
Amino Acids,Ferulic + Retinol Wrinkle Recovery Overnight Serum
Cetearyl Alcohol,Ferulic + Retinol Wrinkle Recovery Overnight Serum
Collagen,Ferulic + Retinol Wrinkle Recovery Overnight Serum
Ferulic Acid,Ferulic + Retinol Wrinkle Recovery Overnight Serum
Glycerin,Ferulic + Retinol Wrinkle Recovery Overnight Serum
Lactic Acid,Ferulic + Retinol Wrinkle Recovery Overnight Serum
Mandelic Acid,Ferulic + Retinol Wrinkle Recovery Overnight Serum
Phenoxyethanol,Ferulic + Retinol Wrinkle Recovery Overnight Serum
Propanediol,Ferulic + Retinol Wrinkle Recovery Overnight Serum
Retinol,Ferulic + Retinol Wrinkle Recovery Overnight Serum
Sodium Hyaluronate,Ferulic + Retinol Wrinkle Recovery Overnight Serum
Butylene Glycol,Ferulic + Retinol Wrinkle Recovery Peel
Castor Oil,Ferulic + Retinol Wrinkle Recovery Peel
Dimethicone,Ferulic + Retinol Wrinkle Recovery Peel
Ferulic Acid,Ferulic + Retinol Wrinkle Recovery Peel
Glycerin,Ferulic + Retinol Wrinkle Recovery Peel
Lactic Acid,Ferulic + Retinol Wrinkle Recovery Peel
Mandelic Acid,Ferulic + Retinol Wrinkle Recovery Peel
Phenoxyethanol,Ferulic + Retinol Wrinkle Recovery Peel
Propylene Glycol,Ferulic + Retinol Wrinkle Recovery Peel
Retinol,Ferulic + Retinol Wrinkle Recovery Peel
Sodium Hyaluronate,Ferulic + Retinol Wrinkle Recovery Peel
Caprylyl Glycol,Find Your Balance™ Oil Control Cleanser
Glycerin,Find Your Balance™ Oil Control Cleanser
Lactic Acid,Find Your Balance™ Oil Control Cleanser
Phenoxyethanol,Find Your Balance™ Oil Control Cleanser
Butylene Glycol,FIRMx™ Exfoliating Peel Gel
Glycerin,FIRMx™ Exfoliating Peel Gel
Isopropyl Myristate,FIRMx™ Exfoliating Peel Gel
Phenoxyethanol,FIRMx™ Exfoliating Peel Gel
Sodium Hyaluronate,FIRMx™ Exfoliating Peel Gel
Butylene Glycol,First Care Activating Serum
Castor Oil,First Care Activating Serum
Glycerin,First Care Activating Serum
Phenoxyethanol,First Care Activating Serum
Propylene Glycol,First Care Activating Serum
Dimethicone,Advanced Génifique Anti-Aging Eye Cream
Glycerin,Advanced Génifique Anti-Aging Eye Cream
Phenoxyethanol,Advanced Génifique Anti-Aging Eye Cream
Propanediol,Advanced Génifique Anti-Aging Eye Cream
Triethanolamine,Advanced Génifique Anti-Aging Eye Cream
Butylene Glycol,GENIUS Ultimate Anti-Aging Cream
Caprylyl Glycol,GENIUS Ultimate Anti-Aging Cream
Collagen,GENIUS Ultimate Anti-Aging Cream
Dimethicone,GENIUS Ultimate Anti-Aging Cream
Glycerin,GENIUS Ultimate Anti-Aging Cream
Phenoxyethanol,GENIUS Ultimate Anti-Aging Cream
Palmitate,GENIUS Ultimate Anti-Aging Cream
Ascorbyl Glucoside,GenOptics Aura Essence Serum
Benzyl Alcohol,GenOptics Aura Essence Serum
Butylene Glycol,GenOptics Aura Essence Serum
Dimethicone,GenOptics Aura Essence Serum
Glycerin,GenOptics Aura Essence Serum
Methylparaben,GenOptics Aura Essence Serum
Panthenol,GenOptics Aura Essence Serum
Phenoxyethanol,GenOptics Aura Essence Serum
Phenoxyethanol,GinZing™ Refreshing Scrub Cleanser
Phenoxyethanol,Banana Soufflé Moisture Cream
Phenoxyethanol,Plum Plump™ Hyaluronic Acid Serum
Phenoxyethanol,Watermelon Glow PHA +BHA Pore-Tight Toner
Benzyl Alcohol,Glowmotions Glow Body Oil
Phenoxyethanol,Glowmotions Glow Body Oil
Phenoxyethanol,Glycol Lactic Radiance Renewal Mask
Phenoxyethanol,Glycolic Acid Exfoliating Toner
Butylene Glycol,Good Genes All-In-One Lactic Acid Treatment
Caprylyl Glycol,Good Genes All-In-One Lactic Acid Treatment
Cetearyl Alcohol,Good Genes All-In-One Lactic Acid Treatment
Dimethicone,Good Genes All-In-One Lactic Acid Treatment
Lactic Acid,Good Genes All-In-One Lactic Acid Treatment
Phenoxyethanol,Good Genes All-In-One Lactic Acid Treatment
Propanediol,Good Genes All-In-One Lactic Acid Treatment
Phenoxyethanol,Grape Water
Phenoxyethanol,Hello FAB Coconut Skin Smoothie Priming Moisturizer
Phenoxyethanol,Honey Potion Renewing Antioxidant Hydration Mask
Phenoxyethanol,Hyaluronic Acid Hydrating Serum
Phenoxyethanol,Instant Detox Mask
Butylene Glycol,Intensive Moisture Balance Moisturizer
Dimethicone,Intensive Moisture Balance Moisturizer
Lactic Acid,Intensive Moisture Balance Moisturizer
Phenoxyethanol,Intensive Moisture Balance Moisturizer
Propanediol,Intensive Moisture Balance Moisturizer
Sodium Ascorbyl Phosphate,Intensive Moisture Balance Moisturizer
Sodium Hyaluronate,Intensive Moisture Balance Moisturizer
Dimethicone,InvisiScar Resurfacing Treatment
Vitamin C,InvisiScar Resurfacing Treatment
Carrot,Juno Antioxidant + Superfood Face Oil
Aloe Vera,Superfood Antioxidant Cleanser
Glycerin,Superfood Antioxidant Cleanser
Panthenol,Superfood Antioxidant Cleanser
Phenoxyethanol,Superfood Antioxidant Cleanser
Vitamin C,Superfood Antioxidant Cleanser
Vitamin E,Superfood Antioxidant Cleanser
Phenoxyethanol,Lapis Blue Tansy Face Oil - For Oily & Acne-Prone Skin
Phenoxyethanol,Lippe Balm
Phenoxyethanol,Liquid Gold Exfoliating Treatment with Glycolic acid
Phenoxyethanol,Lotus Anti-Aging Night Moisturizer 
Phenoxyethanol,Lotus Youth Preserve Rescue Mask
Phenoxyethanol,Luminizing Black Charcoal Mask
Phenoxyethanol,Luminous Deep Hydration Firming Serum
Phenoxyethanol,Luminous Dewy Skin Mist
Phenoxyethanol,Luminous Dewy Skin Night Concentrate
Butylene Glycol,Maracuja C-Brighter™ Eye Treatment
Caprylyl Glycol,Maracuja C-Brighter™ Eye Treatment
Castor Oil,Maracuja C-Brighter™ Eye Treatment
Cetearyl Alcohol,Maracuja C-Brighter™ Eye Treatment
Cyclopentasiloxane,Maracuja C-Brighter™ Eye Treatment
Dimethicone,Maracuja C-Brighter™ Eye Treatment
Glycerin,Maracuja C-Brighter™ Eye Treatment
Panthenol,Maracuja C-Brighter™ Eye Treatment
Phenoxyethanol,Maracuja C-Brighter™ Eye Treatment
Palmitate,Maracuja C-Brighter™ Eye Treatment
Sodium Hyaluronate,Maracuja C-Brighter™ Eye Treatment
Allantoin,Max Complexion Salicylic Acid Pore Refining Pads
Butylene Glycol,Max Complexion Salicylic Acid Pore Refining Pads
Methylparaben,Max Complexion Salicylic Acid Pore Refining Pads
Phenoxyethanol,Max Complexion Salicylic Acid Pore Refining Pads
Triethanolamine,Max Complexion Salicylic Acid Pore Refining Pads
Butylene Glycol,Micro Essence Skin Activating Treatment Lotion
Caffeine,Micro Essence Skin Activating Treatment Lotion
Caprylyl Glycol,Micro Essence Skin Activating Treatment Lotion
Phenoxyethanol,Micro Essence Skin Activating Treatment Lotion
Propanediol,Micro Essence Skin Activating Treatment Lotion
Sodium Hyaluronate,Micro Essence Skin Activating Treatment Lotion
Lavender Oil,Midnight Recovery Concentrate
Caprylyl Glycol,Mini Facial Toning Device
Glycerin,Mini Facial Toning Device
Hyaluronic Acid,Mini Facial Toning Device
Magnesium,Mini Facial Toning Device
Phenoxyethanol,Mini Facial Toning Device
Propanediol,Mini Facial Toning Device
Butylene Glycol,MOISTURE BOUND Refreshing Hydra-Gel Oil-Free
Cetearyl Alcohol,MOISTURE BOUND Refreshing Hydra-Gel Oil-Free
Cyclopentasiloxane,MOISTURE BOUND Refreshing Hydra-Gel Oil-Free
Dimethicone,MOISTURE BOUND Refreshing Hydra-Gel Oil-Free
Glycerin,MOISTURE BOUND Refreshing Hydra-Gel Oil-Free
Lysine,MOISTURE BOUND Refreshing Hydra-Gel Oil-Free
Magnesium,MOISTURE BOUND Refreshing Hydra-Gel Oil-Free
Methylparaben,MOISTURE BOUND Refreshing Hydra-Gel Oil-Free
Propylene Glycol,MOISTURE BOUND Refreshing Hydra-Gel Oil-Free
Triethanolamine,MOISTURE BOUND Refreshing Hydra-Gel Oil-Free
Butylene Glycol,Moisture Surge 72-Hour Auto-Replenishing Hydrator
Caffeine,Moisture Surge 72-Hour Auto-Replenishing Hydrator
Caprylyl Glycol,Moisture Surge 72-Hour Auto-Replenishing Hydrator
Dimethicone,Moisture Surge 72-Hour Auto-Replenishing Hydrator
Glycerin,Moisture Surge 72-Hour Auto-Replenishing Hydrator
Magnesium,Moisture Surge 72-Hour Auto-Replenishing Hydrator
Phenoxyethanol,Moisture Surge 72-Hour Auto-Replenishing Hydrator
Sodium Hyaluronate,Moisture Surge 72-Hour Auto-Replenishing Hydrator
Butylene Glycol,Moisture Surge CC Cream Hydrating Colour Corrector Broad Spectrum SPF 30
Caffeine,Moisture Surge CC Cream Hydrating Colour Corrector Broad Spectrum SPF 30
Glycerin,Moisture Surge CC Cream Hydrating Colour Corrector Broad Spectrum SPF 30
Phenoxyethanol,Moisture Surge CC Cream Hydrating Colour Corrector Broad Spectrum SPF 30
Propanediol,Moisture Surge CC Cream Hydrating Colour Corrector Broad Spectrum SPF 30
Sodium Hyaluronate,Moisture Surge CC Cream Hydrating Colour Corrector Broad Spectrum SPF 30
Butylene Glycol,Moisture Surge Overnight Mask
Caffeine,Moisture Surge Overnight Mask
Caprylyl Glycol,Moisture Surge Overnight Mask
Cetearyl Alcohol,Moisture Surge Overnight Mask
Dimethicone,Moisture Surge Overnight Mask
Glycerin,Moisture Surge Overnight Mask
Panthenol,Moisture Surge Overnight Mask
Phenoxyethanol,Moisture Surge Overnight Mask
Shea Butter,Moisture Surge Overnight Mask
Sodium Hyaluronate,Moisture Surge Overnight Mask
Phenoxyethanol,Moisturizing Eye Bomb
Butylene Glycol,Multi-Active Toner 
Caprylyl Glycol,Multi-Active Toner 
Dimethicone,Multi-Active Toner 
Phenoxyethanol,Multi-Active Toner 
Allantoin,MultiVitamin Power Recovery Mask
Dimethicone,MultiVitamin Power Recovery Mask
Lactic Acid,MultiVitamin Power Recovery Mask
Lysine,MultiVitamin Power Recovery Mask
Phenoxyethanol,MultiVitamin Power Recovery Mask
Propylene Glycol,MultiVitamin Power Recovery Mask
Palmitate,MultiVitamin Power Recovery Mask
Phenoxyethanol,Out of Trouble™ 10 Minute Mask to Rescue Problem Skin
Biotin,Microneedling Anti-Wrinkle Retinol Patches
Butylene Glycol,Microneedling Anti-Wrinkle Retinol Patches
Caprylyl Glycol,Microneedling Anti-Wrinkle Retinol Patches
Glycerin,Microneedling Anti-Wrinkle Retinol Patches
Propanediol,Microneedling Anti-Wrinkle Retinol Patches
Retinol,Microneedling Anti-Wrinkle Retinol Patches
Sodium Hyaluronate,Microneedling Anti-Wrinkle Retinol Patches
Vitamin C,Microneedling Anti-Wrinkle Retinol Patches
Butylene Glycol,Salicylic Acid Treatment Serum
Caprylyl Glycol,Salicylic Acid Treatment Serum
Dimethicone,Salicylic Acid Treatment Serum
Glycerin,Salicylic Acid Treatment Serum
Phenoxyethanol,Salicylic Acid Treatment Serum
Propanediol,Salicylic Acid Treatment Serum
Sodium Hyaluronate,Salicylic Acid Treatment Serum
Vitamin C,Salicylic Acid Treatment Serum
Phenoxyethanol,Peat Miracle Revital Cream
Butylene Glycol,Pep-Start 2-in-1 Exfoliating Cleanser
Caffeine,Pep-Start 2-in-1 Exfoliating Cleanser
Glycerin,Pep-Start 2-in-1 Exfoliating Cleanser
Phenoxyethanol,Pep-Start 2-in-1 Exfoliating Cleanser
Sodium Hyaluronate,Pep-Start 2-in-1 Exfoliating Cleanser
Phenoxyethanol,Phoenix Rosehip Anti-Aging Face Oil - For Dry Skin
Caprylyl Glycol,Photo Finish Reduce Redness Primer
Cyclopentasiloxane,Photo Finish Reduce Redness Primer
Dimethicone,Photo Finish Reduce Redness Primer
Phenoxyethanol,Photo Finish Reduce Redness Primer
Palmitate,Photo Finish Reduce Redness Primer
Cyclopentasiloxane,Photo Finish Oil-Free Pore Minimizing Primer
Dimethicone,Photo Finish Oil-Free Pore Minimizing Primer
Lysine,Photo Finish Oil-Free Pore Minimizing Primer
Phenoxyethanol,Photo Finish Oil-Free Pore Minimizing Primer
Phenoxyethanol,Pineapple Vitamin C Serum
Phenoxyethanol,Polyglutamic Acid Hydrating Serum
Cyclopentasiloxane,pores no more® pore refiner primer
Dimethicone,pores no more® pore refiner primer
Phenoxyethanol,pores no more® pore refiner primer
Palmitate,pores no more® pore refiner primer
Butylene Glycol,Potent-C™ Vitamin C Power Serum
Ferulic Acid,Potent-C™ Vitamin C Power Serum
Glycerin,Potent-C™ Vitamin C Power Serum
Phenoxyethanol,Potent-C™ Vitamin C Power Serum
Propanediol,Potent-C™ Vitamin C Power Serum
Sodium Hyaluronate,Potent-C™ Vitamin C Power Serum
Ascorbyl Glucoside,Powerful-Strength Line-Reducing Concentrate 12.5% Vitamin C
Dimethicone,Powerful-Strength Line-Reducing Concentrate 12.5% Vitamin C
Glycerin,Powerful-Strength Line-Reducing Concentrate 12.5% Vitamin C
Hyaluronic Acid,Powerful-Strength Line-Reducing Concentrate 12.5% Vitamin C
Lysine,Powerful-Strength Line-Reducing Concentrate 12.5% Vitamin C
Propylene Glycol,Powerful-Strength Line-Reducing Concentrate 12.5% Vitamin C
Palmitate,Powerful-Strength Line-Reducing Concentrate 12.5% Vitamin C
Vitamin C,Powerful-Strength Line-Reducing Concentrate 12.5% Vitamin C
Phenoxyethanol,Protini™ Polypeptide Moisturizer
Benzyl Alcohol,Pumpkin Enzyme Mask Enzymatic Dermal Resurfacer
Glycerin,Pumpkin Enzyme Mask Enzymatic Dermal Resurfacer
Phenoxyethanol,Pumpkin Enzyme Mask Enzymatic Dermal Resurfacer
Palmitate,Pumpkin Enzyme Mask Enzymatic Dermal Resurfacer
Sodium Hyaluronate,Pumpkin Enzyme Mask Enzymatic Dermal Resurfacer
Triethanolamine,Pumpkin Enzyme Mask Enzymatic Dermal Resurfacer
Vitamin C,Pumpkin Enzyme Mask Enzymatic Dermal Resurfacer
Phenoxyethanol,Pure Argan Milk™ Intensive Hydrating Treatment
Phenoxyethanol,Purity Made Simple Pore Extractor Mask
Propylene Glycol,Purity Made Simple Pore Extractor Mask
Amino Acids,Rapid Relief Acne Spot Treatment
Butylene Glycol,Rapid Relief Acne Spot Treatment
Glycerin,Rapid Relief Acne Spot Treatment
Propanediol,Rapid Relief Acne Spot Treatment
Shea Butter,Rapid Relief Acne Spot Treatment
Allantoin,Rare Earth Deep Pore Cleansing Mask
Caprylyl Glycol,Rare Earth Deep Pore Cleansing Mask
Cetearyl Alcohol,Rare Earth Deep Pore Cleansing Mask
Glycerin,Rare Earth Deep Pore Cleansing Mask
Phenoxyethanol,Rare Earth Deep Pore Cleansing Mask
Propanediol,Rare Earth Deep Pore Cleansing Mask
Butylene Glycol,Renewed Hope in A Jar Facial Moisturizer
Caprylyl Glycol,Renewed Hope in A Jar Facial Moisturizer
Cetearyl Alcohol,Renewed Hope in A Jar Facial Moisturizer
Cyclopentasiloxane,Renewed Hope in A Jar Facial Moisturizer
Dimethicone,Renewed Hope in A Jar Facial Moisturizer
Glycerin,Renewed Hope in A Jar Facial Moisturizer
Hyaluronic Acid,Renewed Hope in A Jar Facial Moisturizer
Magnesium,Renewed Hope in A Jar Facial Moisturizer
Mandelic Acid,Renewed Hope in A Jar Facial Moisturizer
Phenoxyethanol,Renewed Hope in A Jar Facial Moisturizer
Propanediol,Renewed Hope in A Jar Facial Moisturizer
Palmitate,Renewed Hope in A Jar Facial Moisturizer
Sodium Hyaluronate,Renewed Hope in A Jar Facial Moisturizer
Phenoxyethanol,Resurfacing BHA Glow Mask
Phenoxyethanol,Resveratrol Lift Hyaluronic Acid Eye Lifting Balm
Phenoxyethanol,Resveratrol Lift Night Infusion Cream
Cyclopentasiloxane,Retinol Fusion PM Night Serum
Retinol,Retinol Fusion PM Night Serum
Palmitate,Retinol Fusion PM Night Serum
Phenoxyethanol,Retinol Anti-Aging Serum
Amino Acids,Retinol Youth Renewal Serum
Butylene Glycol,Retinol Youth Renewal Serum
Cyclopentasiloxane,Retinol Youth Renewal Serum
Dimethicone,Retinol Youth Renewal Serum
Glycerin,Retinol Youth Renewal Serum
Phenoxyethanol,Retinol Youth Renewal Serum
Propanediol,Retinol Youth Renewal Serum
Retinol,Retinol Youth Renewal Serum
Palmitate,Retinol Youth Renewal Serum
Shea Butter,Retinol Youth Renewal Serum
Sodium Hyaluronate,Retinol Youth Renewal Serum
Butylene Glycol,Revitalizing Supreme Global Anti-Aging Crème
Dimethicone,Revitalizing Supreme Global Anti-Aging Crème
Glycerin,Revitalizing Supreme Global Anti-Aging Crème
Phenoxyethanol,Rose & Hyaluronic Acid Deep Hydration Toner
Butylene Glycol,Rose Deep Hydration Sleeping Mask
Caprylyl Glycol,Rose Deep Hydration Sleeping Mask
Castor Oil,Rose Deep Hydration Sleeping Mask
Dimethicone,Rose Deep Hydration Sleeping Mask
Glycerin,Rose Deep Hydration Sleeping Mask
Phenoxyethanol,Rose Deep Hydration Sleeping Mask
Propanediol,Rose Deep Hydration Sleeping Mask
Phenoxyethanol,Mini Rose & Hyaluronic Acid Deep Hydration Toner
Phenoxyethanol,Rose Face Mask
Phenoxyethanol,Rose Face Mask Mini
Phenoxyethanol,Rose Floral Toner
Phenoxyethanol,Salicylic Acid Acne + Pore Cleanser
Phenoxyethanol,Seaberry Skin Nutrition Cleansing Oil
Phenoxyethanol,Shaba Complex™ Firming Eye Serum
Caprylyl Glycol,Retinol Reform®
Glycerin,Retinol Reform®
Lactic Acid,Retinol Reform®
Phenoxyethanol,Retinol Reform®
Propanediol,Retinol Reform®
Retinol,Retinol Reform®
Caprylyl Glycol,Retinol Reform® Mini
Glycerin,Retinol Reform® Mini
Lactic Acid,Retinol Reform® Mini
Phenoxyethanol,Retinol Reform® Mini
Propanediol,Retinol Reform® Mini
Retinol,Retinol Reform® Mini
Caprylyl Glycol,Texture Reform™
Glycerin,Texture Reform™
Lactic Acid,Texture Reform™
Propylene Glycol,Texture Reform™
Palmitate,Texture Reform™
Caprylyl Glycol,Sheer Transformation® Perfecting Moisturizer
Cyclopentasiloxane,Sheer Transformation® Perfecting Moisturizer
Dimethicone,Sheer Transformation® Perfecting Moisturizer
Glycerin,Sheer Transformation® Perfecting Moisturizer
Phenoxyethanol,Sheer Transformation® Perfecting Moisturizer
Palmitate,Sheer Transformation® Perfecting Moisturizer
Allantoin,Skin Perfecting Lotion - Blemish Prone/Oily Skin
Amino Acids,Skin Perfecting Lotion - Blemish Prone/Oily Skin
Butylene Glycol,Skin Perfecting Lotion - Blemish Prone/Oily Skin
Caprylyl Glycol,Skin Perfecting Lotion - Blemish Prone/Oily Skin
Cetearyl Alcohol,Skin Perfecting Lotion - Blemish Prone/Oily Skin
Dimethicone,Skin Perfecting Lotion - Blemish Prone/Oily Skin
Glycerin,Skin Perfecting Lotion - Blemish Prone/Oily Skin
Magnesium,Skin Perfecting Lotion - Blemish Prone/Oily Skin
Panthenol,Skin Perfecting Lotion - Blemish Prone/Oily Skin
Phenoxyethanol,Skin Perfecting Lotion - Blemish Prone/Oily Skin
Retinol,Skin Perfecting Lotion - Blemish Prone/Oily Skin
Sodium Hyaluronate,Skin Perfecting Lotion - Blemish Prone/Oily Skin
Allantoin,Skin Smoothing Cream Moisturizer
Amino Acids,Skin Smoothing Cream Moisturizer
Butylene Glycol,Skin Smoothing Cream Moisturizer
Cetearyl Alcohol,Skin Smoothing Cream Moisturizer
Dimethicone,Skin Smoothing Cream Moisturizer
Glycerin,Skin Smoothing Cream Moisturizer
Panthenol,Skin Smoothing Cream Moisturizer
Sodium Hyaluronate,Skin Smoothing Cream Moisturizer
Phenoxyethanol,Slaai™  Makeup-Melting Butter Cleanser
Amino Acids,Smart Night™ Custom-Repair Moisturizer - Dry Combination
Caffeine,Smart Night™ Custom-Repair Moisturizer - Dry Combination
Caprylyl Glycol,Smart Night™ Custom-Repair Moisturizer - Dry Combination
Phenoxyethanol,Smart Night™ Custom-Repair Moisturizer - Dry Combination
Sodium Hyaluronate,Smart Night™ Custom-Repair Moisturizer - Dry Combination
Phenoxyethanol,Soy Makeup Removing Face Wash
Glycerin,Special Cleansing Gel
Phenoxyethanol,Squalane + Antioxidant Cleansing Oil
Phenoxyethanol,Squalane + Glycolic Renewal Mask
Phenoxyethanol,Squalane + Marine Algae Eye Cream
Phenoxyethanol,Squalane + Omega Repair Cream
Phenoxyethanol,Squalane + Peptide Eye Gel
Phenoxyethanol,Squalane + Phyto-Retinol Serum
Phenoxyethanol,Squalane+ Rose Vegan Lip Balm
Phenoxyethanol,Squalane + Tea Tree Balancing Oil
Phenoxyethanol,Squalane + Tea Tree Cleansing Gel
Phenoxyethanol,Squalane + Vitamin C Rose Oil
Phenoxyethanol,Sugar Face Polish Exfoliator
Glycerin,Go To Bed With Me Complete Anti-Aging Night Routine
Phenoxyethanol,Go To Bed With Me Complete Anti-Aging Night Routine
Phytosphingosine,Go To Bed With Me Complete Anti-Aging Night Routine
Butylene Glycol,SUPERMUD® Charcoal Instant Treatment Mask
Caprylyl Glycol,SUPERMUD® Charcoal Instant Treatment Mask
Dimethicone,SUPERMUD® Charcoal Instant Treatment Mask
Glycerin,SUPERMUD® Charcoal Instant Treatment Mask
Lactic Acid,SUPERMUD® Charcoal Instant Treatment Mask
Magnesium,SUPERMUD® Charcoal Instant Treatment Mask
Mandelic Acid,SUPERMUD® Charcoal Instant Treatment Mask
Phenoxyethanol,SUPERMUD® Charcoal Instant Treatment Mask
Phenoxyethanol,Super Spot Remover™ Acne Treatment Gel
Phenoxyethanol,Superberry Hydrate + Glow Dream Mask with Vitamin C
Phenoxyethanol,PLAY Everyday Lotion SPF 50 PA++++
Phenoxyethanol,Superscreen Daily Moisturizer Broad Spectrum SPF 40 PA+++
Charcoal,SUPERTONER™ Exfoliating Acid Solution Toner
Lactic Acid,SUPERTONER™ Exfoliating Acid Solution Toner
Mandelic Acid,SUPERTONER™ Exfoliating Acid Solution Toner
Phenoxyethanol,SUPERTONER™ Exfoliating Acid Solution Toner
Propanediol,SUPERTONER™ Exfoliating Acid Solution Toner
Phenoxyethanol,T.L.C. Framboos™ Glycolic Resurfacing Night Serum
Phenoxyethanol,T.L.C. Sukari Babyfacial™ AHA + BHA Mask
Phenoxyethanol,The Liquid Silk Canvas: Featherweight Protective Primer
Phenoxyethanol,The Dewy Skin Cream Plumping & Hydrating Moisturizer
Butylene Glycol,The Method: Polish Normal-Combination Skin
Glycerin,The Method: Polish Normal-Combination Skin
Magnesium,The Method: Polish Normal-Combination Skin
Palmitate,The Method: Polish Normal-Combination Skin
Amino Acids,The Microdelivery Exfoliating Facial Wash
Ascorbyl Glucoside,The Microdelivery Exfoliating Facial Wash
Glycerin,The Microdelivery Exfoliating Facial Wash
Magnesium,The Microdelivery Exfoliating Facial Wash
Panthenol,The Microdelivery Exfoliating Facial Wash
Phenoxyethanol,The Microdelivery Exfoliating Facial Wash
Caprylyl Glycol,The Microdelivery Vitamin C Resurfacing Peel
Lactic Acid,The Microdelivery Vitamin C Resurfacing Peel
Phenoxyethanol,The Nightly Retinol + Peptide Anti-Aging Serum
Azelaic Acid,Azelaic Acid Suspension 10%
Dimethicone,Azelaic Acid Suspension 10%
Phenoxyethanol,Azelaic Acid Suspension 10%
Triethanolamine,Azelaic Acid Suspension 10%
Allantoin,"""Buffet"""
Butylene Glycol,"""Buffet"""
Caprylyl Glycol,"""Buffet"""
Castor Oil,"""Buffet"""
Glycerin,"""Buffet"""
Phenoxyethanol,"""Buffet"""
Sodium Hyaluronate,"""Buffet"""
Caprylyl Glycol,Glycolic Acid 7% Toning Solution
Glycerin,Glycolic Acid 7% Toning Solution
Propanediol,Glycolic Acid 7% Toning Solution
Triethanolamine,Glycolic Acid 7% Toning Solution
Cetearyl Alcohol,Granactive Retinoid* 2% Emulsion
Glycerin,Granactive Retinoid* 2% Emulsion
Phenoxyethanol,Granactive Retinoid* 2% Emulsion
Propanediol,Granactive Retinoid* 2% Emulsion
Retinol,Granactive Retinoid* 2% Emulsion
Palmitate,Granactive Retinoid* 2% Emulsion
Caprylyl Glycol,Hyaluronic Acid 2% + B5
Glycerin,Hyaluronic Acid 2% + B5
Panthenol,Hyaluronic Acid 2% + B5
Phenoxyethanol,Hyaluronic Acid 2% + B5
Propanediol,Hyaluronic Acid 2% + B5
Sodium Hyaluronate,Hyaluronic Acid 2% + B5
Caprylyl Glycol,Lactic Acid 10% + HA
Castor Oil,Lactic Acid 10% + HA
Glycerin,Lactic Acid 10% + HA
Lactic Acid,Lactic Acid 10% + HA
Sodium Hyaluronate,Lactic Acid 10% + HA
Triethanolamine,Lactic Acid 10% + HA
Butylene Glycol,Matrixyl* 10% + HA
Castor Oil,Matrixyl* 10% + HA
Glycerin,Matrixyl* 10% + HA
Phenoxyethanol,Matrixyl* 10% + HA
Sodium Hyaluronate,Matrixyl* 10% + HA
Allantoin,Natural Moisturizing Factors + HA
Glycerin,Natural Moisturizing Factors + HA
Phenoxyethanol,Natural Moisturizing Factors + HA
Propanediol,Natural Moisturizing Factors + HA
Sodium Hyaluronate,Natural Moisturizing Factors + HA
Triethanolamine,Natural Moisturizing Factors + HA
Phenoxyethanol,Niacinamide 10% + Zinc 1%
Palmitate,Vitamin C Suspension 23% + HA Spheres 2%
Sodium Hyaluronate,Vitamin C Suspension 23% + HA Spheres 2%
Vitamin C,Vitamin C Suspension 23% + HA Spheres 2%
Dimethicone,Vitamin C Suspension 30% in Silicone
Vitamin C,Vitamin C Suspension 30% in Silicone
Phenoxyethanol,The Silk Canvas Protective Primer
Phenoxyethanol,The True Cream Aqua Bomb
Phenoxyethanol,The True Cream Moisturizing Bomb
Phenoxyethanol,The Water Cream Oil-Free Pore Minimizing Moisturizer
Glycerin,Therapeutic Sulfur Acne Treatment Mask
Methylparaben,Therapeutic Sulfur Acne Treatment Mask
Propylene Glycol,Therapeutic Sulfur Acne Treatment Mask
Allantoin,THIRSTYMUD™ 24-Hour Hydrating Treatment Face Mask
Butylene Glycol,THIRSTYMUD™ 24-Hour Hydrating Treatment Face Mask
Caprylyl Glycol,THIRSTYMUD™ 24-Hour Hydrating Treatment Face Mask
Cetearyl Alcohol,THIRSTYMUD™ 24-Hour Hydrating Treatment Face Mask
Cyclopentasiloxane,THIRSTYMUD™ 24-Hour Hydrating Treatment Face Mask
Glycerin,THIRSTYMUD™ 24-Hour Hydrating Treatment Face Mask
Phenoxyethanol,THIRSTYMUD™ 24-Hour Hydrating Treatment Face Mask
Sodium Hyaluronate,THIRSTYMUD™ 24-Hour Hydrating Treatment Face Mask
Allantoin,Treatment Enzyme Exfoliating Powder Cleanser
Butylene Glycol,Treatment Enzyme Exfoliating Powder Cleanser
Caprylyl Glycol,Trinity + Eye and Lip Enhancer Attachment Bundle
Glycerin,Trinity + Eye and Lip Enhancer Attachment Bundle
Hyaluronic Acid,Trinity + Eye and Lip Enhancer Attachment Bundle
Magnesium,Trinity + Eye and Lip Enhancer Attachment Bundle
Phenoxyethanol,Trinity + Eye and Lip Enhancer Attachment Bundle
Propanediol,Trinity + Eye and Lip Enhancer Attachment Bundle
Caprylyl Glycol,Trinity Facial Toning Device
Glycerin,Trinity Facial Toning Device
Hyaluronic Acid,Trinity Facial Toning Device
Magnesium,Trinity Facial Toning Device
Phenoxyethanol,Trinity Facial Toning Device
Propanediol,Trinity Facial Toning Device
Benzyl Alcohol,Truth™ On the Glow Cleansing Cloths
Glycerin,Truth™ On the Glow Cleansing Cloths
Phenoxyethanol,Truth™ On the Glow Cleansing Cloths
Pomegranate,Truth™ On the Glow Cleansing Cloths
Propylene Glycol,Truth™ On the Glow Cleansing Cloths
Vitamin C,Truth™ On the Glow Cleansing Cloths
Caprylyl Glycol,Truth Serum®
Collagen,Truth Serum®
Dimethicone,Truth Serum®
Glycerin,Truth Serum®
Phenoxyethanol,Truth Serum®
Sodium Ascorbyl Phosphate,Truth Serum®
Sodium Hyaluronate,Truth Serum®
Vitamin C,Truth Serum®
Butylene Glycol,Turnaround Overnight Revitalizing Moisturizer
Dimethicone,Turnaround Overnight Revitalizing Moisturizer
Palmitate,Turnaround Overnight Revitalizing Moisturizer
Pomegranate,U.F.O. Ultra-Clarifying Face Oil
Avocado Oil,Ultra Facial Cream
Glycerin,Ultra Facial Cream
Phenoxyethanol,Ultra Facial Cream
Phenoxyethanol,Ultra Glow Serum: Glow + Strengthen Vitamin C Serum
Allantoin,Ultra Repair® Cream Intense Hydration
Caprylyl Glycol,Ultra Repair® Cream Intense Hydration
Cetearyl Alcohol,Ultra Repair® Cream Intense Hydration
Dimethicone,Ultra Repair® Cream Intense Hydration
Glycerin,Ultra Repair® Cream Intense Hydration
Phenoxyethanol,Ultra Repair® Cream Intense Hydration
Phenoxyethanol,Ultra Repair Face Moisturizer
Phenoxyethanol,Ultra Repair® Hydrating Serum
Phenoxyethanol,Umbra Sheer™ Physical Daily Defense SPF 30
Phenoxyethanol,Umbrian Clay Pore Purifying Face Exfoliator
Glycerin,Umbrian Clay Pore Purifying Face Mask Mini
Phenoxyethanol,Umbrian Clay Pore Purifying Face Mask Mini
Butylene Glycol,Vinoperfect Anti Dark Spot Serum
Caprylyl Glycol,Vinoperfect Anti Dark Spot Serum
Glycerin,Vinoperfect Anti Dark Spot Serum
Phenoxyethanol,Vinopure Natural Salicylic Acid Pore Minimizing Serum
Phenoxyethanol,Vinopure Natural Salicylic Acid Pore Minimizing Toner
Phenoxyethanol,Vinosource Moisturizing Sorbet
Phenoxyethanol,Vinosource SOS Deep Hydration Serum
Phenoxyethanol,Vinosource SOS Intense Hydration Moisturizer
Phenoxyethanol,Virgin Marula Luxury  Face Oil
Benzyl Alcohol,Vitamin C Ester Brightening Serum
Ferulic Acid,Vitamin C Ester Brightening Serum
Sodium Hyaluronate,Vitamin C Ester Brightening Serum
Phenoxyethanol,Vitamin C Glow Moisturizer
Butylene Glycol,WASO: Color-Smart Day Moisturizer SPF 30 Sunscreen
Caffeine,WASO: Color-Smart Day Moisturizer SPF 30 Sunscreen
Carrot,WASO: Color-Smart Day Moisturizer SPF 30 Sunscreen
Dimethicone,WASO: Color-Smart Day Moisturizer SPF 30 Sunscreen
Glycerin,WASO: Color-Smart Day Moisturizer SPF 30 Sunscreen
Phenoxyethanol,WASO: Color-Smart Day Moisturizer SPF 30 Sunscreen
Butylene Glycol,WASO: Color-Smart Day Moisturizer Oil-Free SPF 30 Sunscreen
Caffeine,WASO: Color-Smart Day Moisturizer Oil-Free SPF 30 Sunscreen
Cyclopentasiloxane,WASO: Color-Smart Day Moisturizer Oil-Free SPF 30 Sunscreen
Dimethicone,WASO: Color-Smart Day Moisturizer Oil-Free SPF 30 Sunscreen
Glycerin,WASO: Color-Smart Day Moisturizer Oil-Free SPF 30 Sunscreen
Phenoxyethanol,WASO: Color-Smart Day Moisturizer Oil-Free SPF 30 Sunscreen
Butylene Glycol,Water Drench® Hyaluronic Cloud Serum
Caprylyl Glycol,Water Drench® Hyaluronic Cloud Serum
Glycerin,Water Drench® Hyaluronic Cloud Serum
Magnesium,Water Drench® Hyaluronic Cloud Serum
Phenoxyethanol,Water Drench® Hyaluronic Cloud Serum
Propylene Glycol,Water Drench® Hyaluronic Cloud Serum
Sodium Hyaluronate,Water Drench® Hyaluronic Cloud Serum
Phenoxyethanol,Watermelon + AHA Glow Sleeping Mask
Phenoxyethanol,Watermelon Glow Ultra-Fine Mist
Phenoxyethanol,Watermelon Pink Juice Oil-Free Moisturizer
Phenoxyethanol,Whipped Argan Oil Face Butter
Phenoxyethanol,Yerba Mate Resurfacing + Exfoliating Energy Facial with Enzymes
